<?xml version="1.0"?>
<projectProfile type="default" version="1.10">
  <projectDirectory>
    <projectProfileFile filesystemName=".zfproject.xml"/>
    <applicationDirectory classNamePrefix="Application_">
      <apisDirectory enabled="false"/>
      <configsDirectory>
        <applicationConfigFile type="ini"/>
      </configsDirectory>
      <controllersDirectory>
        <controllerFile controllerName="Index">
          <actionMethod actionName="index"/>
          <actionMethod actionName="submitForm"/>
          <actionMethod actionName="add1"/>
        </controllerFile>
        <controllerFile controllerName="Error"/>
        <controllerFile controllerName="Contact">
          <actionMethod actionName="index"/>
        </controllerFile>
        <controllerFile controllerName="Base">
          <actionMethod actionName="index"/>
        </controllerFile>
        <controllerFile controllerName="ContactForm">
          <actionMethod actionName="index"/>
        </controllerFile>
        <controllerFile controllerName="PersonalMeeting">
          <actionMethod actionName="index"/>
        </controllerFile>
        <controllerFile controllerName="PersonalMeetingForm">
          <actionMethod actionName="index"/>
        </controllerFile>
        <controllerFile controllerName="QuestionForm">
          <actionMethod actionName="index"/>
        </controllerFile>
        <controllerFile controllerName="AboutUs">
          <actionMethod actionName="index"/>
        </controllerFile>
        <controllerFile controllerName="InformationForBuyers">
          <actionMethod actionName="index"/>
        </controllerFile>
        <controllerFile controllerName="AvailablePositions">
          <actionMethod actionName="index"/>
        </controllerFile>
        <controllerFile controllerName="DevelopmentProjects">
          <actionMethod actionName="index"/>
        </controllerFile>
        <controllerFile controllerName="SellEstate">
          <actionMethod actionName="index"/>
        </controllerFile>
        <controllerFile controllerName="Property">
          <actionMethod actionName="index"/>
        </controllerFile>
        <controllerFile controllerName="RentEstate">
          <actionMethod actionName="index"/>
        </controllerFile>
        <controllerFile controllerName="ExclusiveInvestment">
          <actionMethod actionName="index"/>
        </controllerFile>
        <controllerFile controllerName="FetchDispositions">
          <actionMethod actionName="index"/>
        </controllerFile>
        <controllerFile controllerName="Favorites">
          <actionMethod actionName="index"/>
        </controllerFile>
        <controllerFile controllerName="SiteMap">
          <actionMethod actionName="index"/>
        </controllerFile>
        <controllerFile controllerName="AdminSavePrice">
          <actionMethod actionName="index"/>
        </controllerFile>
        <controllerFile controllerName="AdminAjaxPictureUpload">
          <actionMethod actionName="index"/>
        </controllerFile>
        <controllerFile controllerName="Membres">
          <actionMethod actionName="index"/>
          <actionMethod actionName="mails"/>
        </controllerFile>
        <controllerFile controllerName="Etudiants">
          <actionMethod actionName="index"/>
          <actionMethod actionName="addE1"/>
          <actionMethod actionName="addE2"/>
          <actionMethod actionName="addE3"/>
          <actionMethod actionName="all"/>
          <actionMethod actionName="add0"/>
          <actionMethod actionName="selectfac"/>
          <actionMethod actionName="updateDeptGeo"/>
          <actionMethod actionName="updatedept"/>
          <actionMethod actionName="add00"/>
          <actionMethod actionName="emailrequire"/>
          <actionMethod actionName="add6"/>
        </controllerFile>
        <controllerFile controllerName="EspacePerso">
          <actionMethod actionName="index"/>
        </controllerFile>
        <controllerFile controllerName="Auth">
          <actionMethod actionName="index"/>
          <actionMethod actionName="login"/>
        </controllerFile>
        <controllerFile controllerName="Espaceprive">
          <actionMethod actionName="index"/>
        </controllerFile>
        <controllerFile controllerName="Configuration">
          <actionMethod actionName="index"/>
          <actionMethod actionName="modifetudiant"/>
        </controllerFile>
        <controllerFile controllerName="Sms">
          <actionMethod actionName="index"/>
        </controllerFile>
      </controllersDirectory>
      <formsDirectory>
        <formFile formName="ContactForm"/>
        <formFile formName="PersonalMeetingForm"/>
        <formFile formName="NewsSubscription"/>
        <formFile formName="PropertyInformationForm"/>
        <formFile formName="FilterForm"/>
      </formsDirectory>
      <layoutsDirectory enabled="false"/>
      <modelsDirectory>
        <dbTableDirectory>
          <dbTableFile dbTableName="Contact"/>
          <dbTableFile dbTableName="ContactPhone"/>
          <dbTableFile dbTableName="ContactForm"/>
          <dbTableFile dbTableName="Content"/>
          <dbTableFile dbTableName="PersonalMeetingForm"/>
          <dbTableFile dbTableName="AvailablePositions"/>
          <dbTableFile dbTableName="DevelopmentProjects"/>
          <dbTableFile dbTableName="DevelopmentPictures"/>
          <dbTableFile dbTableName="NewsSubscription"/>
          <dbTableFile dbTableName="Banner"/>
          <dbTableFile dbTableName="News"/>
          <dbTableFile dbTableName="TopAds"/>
          <dbTableFile dbTableName="Disposition"/>
          <dbTableFile dbTableName="PropertyType"/>
          <dbTableFile dbTableName="Ownership"/>
          <dbTableFile dbTableName="Property"/>
          <dbTableFile dbTableName="Offer"/>
          <dbTableFile dbTableName="Location"/>
          <dbTableFile dbTableName="Agent"/>
          <dbTableFile dbTableName="PropertyPictures"/>
          <dbTableFile dbTableName="PriceType"/>
          <dbTableFile dbTableName="Cursus"/>
          <dbTableFile dbTableName="Departementacademique"/>
        </dbTableDirectory>
        <modelFile modelName="ContactFormMapper"/>
        <modelFile modelName="ContactForm"/>
        <modelFile modelName="Content"/>
        <modelFile modelName="PersonalMeetingForm"/>
        <modelFile modelName="AvailablePositions"/>
        <modelFile modelName="DevelopmentProjects"/>
        <modelFile modelName="DevelopmentPictures"/>
        <modelFile modelName="NewsSubscriptionForm"/>
        <modelFile modelName="Banner"/>
        <modelFile modelName="News"/>
        <modelFile modelName="TopAds"/>
        <modelFile modelName="Disposition"/>
        <modelFile modelName="Property"/>
        <modelFile modelName="PropertyType"/>
        <modelFile modelName="PropertyPictures"/>
        <modelFile modelName="PropertyLocation"/>
        <modelFile modelName="Ownership"/>
        <modelFile modelName="Agent"/>
        <modelFile modelName="PriceType"/>
        <modelFile modelName="CursusMapper"/>
        <modelFile modelName="Cursus"/>
        <modelFile modelName="Departementacademique"/>
        <modelFile modelName="DepartementacademiqueMapper"/>
        <modelFile modelName="Users"/>
      </modelsDirectory>
      <modulesDirectory enabled="false"/>
      <viewsDirectory>
        <viewScriptsDirectory>
          <viewControllerScriptsDirectory forControllerName="Index">
            <viewScriptFile forActionName="index"/>
          </viewControllerScriptsDirectory>
          <viewControllerScriptsDirectory forControllerName="Error">
            <viewScriptFile forActionName="error"/>
          </viewControllerScriptsDirectory>
          <viewControllerScriptsDirectory forControllerName="Contact">
            <viewScriptFile forActionName="index"/>
          </viewControllerScriptsDirectory>
          <viewControllerScriptsDirectory forControllerName="Index">
            <viewScriptFile forActionName="submitForm"/>
          </viewControllerScriptsDirectory>
          <viewControllerScriptsDirectory forControllerName="BaseController">
            <viewScriptFile forActionName="index"/>
          </viewControllerScriptsDirectory>
          <viewControllerScriptsDirectory forControllerName="Base">
            <viewScriptFile forActionName="index"/>
          </viewControllerScriptsDirectory>
          <viewControllerScriptsDirectory forControllerName="ContactForm">
            <viewScriptFile forActionName="index"/>
          </viewControllerScriptsDirectory>
          <viewControllerScriptsDirectory forControllerName="PersonalMeeting">
            <viewScriptFile forActionName="index"/>
          </viewControllerScriptsDirectory>
          <viewControllerScriptsDirectory forControllerName="PersonalMeetingForm">
            <viewScriptFile forActionName="index"/>
          </viewControllerScriptsDirectory>
          <viewControllerScriptsDirectory forControllerName="QuestionForm">
            <viewScriptFile forActionName="index"/>
          </viewControllerScriptsDirectory>
          <viewControllerScriptsDirectory forControllerName="AboutUs">
            <viewScriptFile forActionName="index"/>
          </viewControllerScriptsDirectory>
          <viewControllerScriptsDirectory forControllerName="InformationForBuyers">
            <viewScriptFile forActionName="index"/>
          </viewControllerScriptsDirectory>
          <viewControllerScriptsDirectory forControllerName="AvailablePositions">
            <viewScriptFile forActionName="index"/>
          </viewControllerScriptsDirectory>
          <viewControllerScriptsDirectory forControllerName="DevelopmentProjects">
            <viewScriptFile forActionName="index"/>
          </viewControllerScriptsDirectory>
          <viewControllerScriptsDirectory forControllerName="SellEstate">
            <viewScriptFile forActionName="index"/>
          </viewControllerScriptsDirectory>
          <viewControllerScriptsDirectory forControllerName="Property">
            <viewScriptFile forActionName="index"/>
          </viewControllerScriptsDirectory>
          <viewControllerScriptsDirectory forControllerName="RentEstate">
            <viewScriptFile forActionName="index"/>
          </viewControllerScriptsDirectory>
          <viewControllerScriptsDirectory forControllerName="ExclusiveInvestment">
            <viewScriptFile forActionName="index"/>
          </viewControllerScriptsDirectory>
          <viewControllerScriptsDirectory forControllerName="FetchDispositions">
            <viewScriptFile forActionName="index"/>
          </viewControllerScriptsDirectory>
          <viewControllerScriptsDirectory forControllerName="Favorites">
            <viewScriptFile forActionName="index"/>
          </viewControllerScriptsDirectory>
          <viewControllerScriptsDirectory forControllerName="SiteMap">
            <viewScriptFile forActionName="index"/>
          </viewControllerScriptsDirectory>
          <viewControllerScriptsDirectory forControllerName="AdminSavePrice">
            <viewScriptFile forActionName="index"/>
          </viewControllerScriptsDirectory>
          <viewControllerScriptsDirectory forControllerName="AdminAjaxPictureUpload">
            <viewScriptFile forActionName="index"/>
          </viewControllerScriptsDirectory>
          <viewControllerScriptsDirectory forControllerName="Index">
            <viewScriptFile forActionName="add1"/>
          </viewControllerScriptsDirectory>
          <viewControllerScriptsDirectory forControllerName="Membres">
            <viewScriptFile forActionName="index"/>
          </viewControllerScriptsDirectory>
          <viewControllerScriptsDirectory forControllerName="Membres">
            <viewScriptFile forActionName="mails"/>
          </viewControllerScriptsDirectory>
          <viewControllerScriptsDirectory forControllerName="Etudiants">
            <viewScriptFile forActionName="index"/>
          </viewControllerScriptsDirectory>
          <viewControllerScriptsDirectory forControllerName="Etudiants">
            <viewScriptFile forActionName="addE1"/>
          </viewControllerScriptsDirectory>
          <viewControllerScriptsDirectory forControllerName="Etudiants">
            <viewScriptFile forActionName="addE2"/>
          </viewControllerScriptsDirectory>
          <viewControllerScriptsDirectory forControllerName="Etudiants">
            <viewScriptFile forActionName="addE3"/>
          </viewControllerScriptsDirectory>
          <viewControllerScriptsDirectory forControllerName="Etudiants">
            <viewScriptFile forActionName="all"/>
          </viewControllerScriptsDirectory>
          <viewControllerScriptsDirectory forControllerName="EspacePerso">
            <viewScriptFile forActionName="index"/>
          </viewControllerScriptsDirectory>
          <viewControllerScriptsDirectory forControllerName="Etudiants">
            <viewScriptFile forActionName="add0"/>
          </viewControllerScriptsDirectory>
          <viewControllerScriptsDirectory forControllerName="Etudiants">
            <viewScriptFile forActionName="selectfac"/>
          </viewControllerScriptsDirectory>
          <viewControllerScriptsDirectory forControllerName="Auth">
            <viewScriptFile forActionName="index"/>
          </viewControllerScriptsDirectory>
          <viewControllerScriptsDirectory forControllerName="Auth">
            <viewScriptFile forActionName="login"/>
          </viewControllerScriptsDirectory>
          <viewControllerScriptsDirectory forControllerName="Etudiants">
            <viewScriptFile forActionName="updateDeptGeo"/>
          </viewControllerScriptsDirectory>
          <viewControllerScriptsDirectory forControllerName="Etudiants">
            <viewScriptFile forActionName="updatedept"/>
          </viewControllerScriptsDirectory>
          <viewControllerScriptsDirectory forControllerName="Espaceprive">
            <viewScriptFile forActionName="index"/>
          </viewControllerScriptsDirectory>
          <viewControllerScriptsDirectory forControllerName="Configuration">
            <viewScriptFile forActionName="index"/>
          </viewControllerScriptsDirectory>
          <viewControllerScriptsDirectory forControllerName="Etudiants">
            <viewScriptFile forActionName="add00"/>
          </viewControllerScriptsDirectory>
          <viewControllerScriptsDirectory forControllerName="Etudiants">
            <viewScriptFile forActionName="emailrequire"/>
          </viewControllerScriptsDirectory>
          <viewControllerScriptsDirectory forControllerName="Etudiants">
            <viewScriptFile forActionName="add6"/>
          </viewControllerScriptsDirectory>
          <viewControllerScriptsDirectory forControllerName="Configuration">
            <viewScriptFile forActionName="modifetudiant"/>
          </viewControllerScriptsDirectory>
          <viewControllerScriptsDirectory forControllerName="Sms">
            <viewScriptFile forActionName="index"/>
          </viewControllerScriptsDirectory>
        </viewScriptsDirectory>
        <viewHelpersDirectory/>
        <viewFiltersDirectory enabled="false"/>
      </viewsDirectory>
      <bootstrapFile filesystemName="Bootstrap.php"/>
    </applicationDirectory>
    <dataDirectory enabled="false">
      <cacheDirectory enabled="false"/>
      <searchIndexesDirectory enabled="false"/>
      <localesDirectory enabled="false"/>
      <logsDirectory enabled="false"/>
      <sessionsDirectory enabled="false"/>
      <uploadsDirectory enabled="false"/>
    </dataDirectory>
    <docsDirectory>
      <file filesystemName="README.txt"/>
    </docsDirectory>
    <libraryDirectory>
      <zfStandardLibraryDirectory enabled="false"/>
    </libraryDirectory>
    <publicDirectory>
      <publicStylesheetsDirectory enabled="false"/>
      <publicScriptsDirectory enabled="false"/>
      <publicImagesDirectory enabled="false"/>
      <publicIndexFile filesystemName="index.php"/>
      <htaccessFile filesystemName=".htaccess"/>
    </publicDirectory>
    <projectProvidersDirectory enabled="false"/>
    <temporaryDirectory enabled="false"/>
    <testsDirectory>
      <testPHPUnitConfigFile filesystemName="phpunit.xml"/>
      <testApplicationDirectory>
        <testApplicationBootstrapFile filesystemName="bootstrap.php"/>
        <testApplicationControllerDirectory>
          <testApplicationControllerFile/>
          <testApplicationControllerFile/>
          <testApplicationControllerFile/>
          <testApplicationControllerFile/>
          <testApplicationControllerFile/>
          <testApplicationControllerFile/>
          <testApplicationControllerFile/>
          <testApplicationControllerFile/>
          <testApplicationControllerFile/>
          <testApplicationControllerFile/>
          <testApplicationControllerFile/>
          <testApplicationControllerFile/>
          <testApplicationControllerFile/>
          <testApplicationControllerFile/>
          <testApplicationControllerFile/>
          <testApplicationControllerFile/>
          <testApplicationControllerFile/>
          <testApplicationControllerFile/>
          <testApplicationControllerFile/>
          <testApplicationControllerFile/>
        </testApplicationControllerDirectory>
      </testApplicationDirectory>
      <testLibraryDirectory>
        <testLibraryBootstrapFile filesystemName="bootstrap.php"/>
      </testLibraryDirectory>
    </testsDirectory>
  </projectDirectory>
</projectProfile>
